sweep,arm,count,size,mode,depth,work_us,wall_ms,startup_ms,span_ms,throughput_msg_s,lat_p50_ms,lat_p99_ms,slowdown_vs_native
startup,rdfc,1,1,string,0,0,1684.568,1665.596,0.001,0.00,2.6707,2.6707,
startup,rdfc-direct,1,1,string,0,0,1615.355,1595.352,0.001,0.00,2.5644,2.5644,
startup,rdfc-split,1,1,string,0,0,2097.808,1767.310,0.001,0.00,3.0463,3.0463,
startup,native,1,1,string,0,0,126.625,123.141,0.001,0.00,0.1200,0.1200,
startup,native-loose,1,1,string,0,0,133.844,129.372,0.001,0.00,0.1104,0.1104,
rate,rdfc,1000,100,string,0,0,2120.424,1790.369,308.046,3243.03,0.2461,1.0984,86.37
rate,native,1000,100,string,0,0,133.615,125.177,3.566,2.80e+5,0.0029,0.0161,
rate,native-loose,1000,100,string,0,0,130.561,122.621,3.506,2.85e+5,0.0027,0.0165,0.98
rate,rdfc,5000,100,string,0,0,2764.549,1769.277,922.346,5419.87,0.1494,0.6336,59.88
rate,native,5000,100,string,0,0,159.415,138.508,15.404,3.25e+5,0.0024,0.0110,
rate,native-loose,5000,100,string,0,0,156.835,136.589,14.872,3.36e+5,0.0025,0.0105,0.97
rate,rdfc,20000,100,string,0,0,5368.048,1767.449,3549.947,5633.61,0.1513,0.4321,74.33
rate,native,20000,100,string,0,0,203.082,144.271,47.762,4.19e+5,0.0018,0.0059,
rate,native-loose,20000,100,string,0,0,201.053,141.922,45.269,4.42e+5,0.0017,0.0055,0.95
depth,rdfc,2000,100,string,0,0,2226.884,1697.669,486.891,4105.64,0.1858,0.8475,64.20
depth,native,2000,100,string,0,0,155.709,143.806,7.584,2.64e+5,0.0029,0.0138,
depth,native-loose,2000,100,string,0,0,153.929,142.028,7.291,2.74e+5,0.0026,0.0165,0.96
depth,rdfc,2000,100,string,1,0,2545.632,1672.562,849.076,2354.32,0.3564,1.3985,78.61
depth,native,2000,100,string,1,0,156.092,140.221,10.801,1.85e+5,0.0041,0.0185,
depth,native-loose,2000,100,string,1,0,156.553,137.573,14.825,1.35e+5,0.0032,0.0173,1.37
depth,rdfc,2000,100,string,2,0,2878.398,1683.871,1153.574,1732.88,0.4751,1.6592,91.49
depth,native,2000,100,string,2,0,161.434,143.218,12.608,1.59e+5,0.0047,0.0228,
depth,native-loose,2000,100,string,2,0,157.153,136.963,15.226,1.31e+5,0.0039,0.0186,1.21
depth,rdfc,2000,100,string,4,0,3585.263,1690.376,1868.665,1069.75,0.8002,2.2190,111.02
depth,native,2000,100,string,4,0,161.981,139.223,16.832,1.19e+5,0.0057,0.0267,
depth,native-loose,2000,100,string,4,0,162.335,138.112,19.078,1.05e+5,0.0049,0.0213,1.13
depth,rdfc,2000,100,string,8,0,4759.315,1692.207,3040.524,657.45,1.3242,3.5619,123.41
depth,native,2000,100,string,8,0,170.085,138.232,24.638,81134.23,0.0088,0.0408,
depth,native-loose,2000,100,string,8,0,164.532,133.842,25.305,78996.46,0.0052,0.0238,1.03
payload,rdfc,2000,0,buffer,0,0,2178.639,1675.541,480.079,4163.90,0.2055,0.8088,97.30
payload,native,2000,0,buffer,0,0,133.019,122.791,4.934,4.05e+5,0.0018,0.0116,
payload,native-loose,2000,0,buffer,0,0,141.159,131.807,5.178,3.86e+5,0.0017,0.0113,1.05
payload,rdfc,2000,1024,buffer,0,0,2171.515,1647.694,484.553,4125.45,0.1718,0.8555,91.67
payload,native,2000,1024,buffer,0,0,139.151,128.175,5.286,3.78e+5,0.0019,0.0108,
payload,native-loose,2000,1024,buffer,0,0,141.468,131.959,4.975,4.02e+5,0.0018,0.0112,0.94
payload,rdfc,2000,65536,buffer,0,0,3051.589,1747.671,1243.615,1607.41,0.4625,2.5983,219.64
payload,native,2000,65536,buffer,0,0,154.987,144.499,5.662,3.53e+5,0.0020,0.0115,
payload,native-loose,2000,65536,buffer,0,0,145.195,134.510,5.298,3.77e+5,0.0017,0.0120,0.94
payload,rdfc,500,1048576,buffer,0,0,5443.554,1722.081,3679.071,135.63,6.1424,17.8439,2184.30
payload,native,500,1048576,buffer,0,0,157.154,151.262,1.684,2.96e+5,0.0028,0.0163,
payload,native-loose,500,1048576,buffer,0,0,146.519,141.162,1.542,3.24e+5,0.0023,0.0167,0.92
payload,native,100,10485760,buffer,0,0,161.155,152.035,1.067,92813.92,0.0057,0.3159,
payload,native-loose,100,10485760,buffer,0,0,162.977,155.076,1.191,83146.20,0.0052,0.2948,1.12
stream,rdfc,500,65536,stream,0,0,2581.018,1719.033,817.312,610.54,1.3896,5.4639,125.62
stream,native,500,65536,stream,0,0,174.447,163.678,6.506,76694.33,0.0106,0.0397,
stream,rdfc,200,1048576,stream,0,0,3937.221,1761.214,1931.409,103.03,9.5148,18.8882,919.03
stream,native,200,1048576,stream,0,0,149.342,142.254,2.102,94691.45,0.0091,0.0277,
work,rdfc,2000,1024,buffer,0,0,2096.181,1623.903,468.044,4270.96,0.1793,0.7911,96.80
work,native,2000,1024,buffer,0,0,132.597,123.261,4.835,4.13e+5,0.0017,0.0117,
work,native-loose,2000,1024,buffer,0,0,131.620,121.580,4.619,4.33e+5,0.0016,0.0100,0.96
work,rdfc,2000,1024,buffer,0,10,2198.504,1680.612,537.142,3721.55,0.2327,0.8486,19.00
work,native,2000,1024,buffer,0,10,187.457,152.982,28.271,70709.12,0.0129,0.0347,
work,native-loose,2000,1024,buffer,0,10,184.879,150.483,28.839,69316.76,0.0127,0.0348,1.02
work,rdfc,2000,1024,buffer,0,100,2558.739,1707.803,828.032,2414.16,0.3428,1.1733,3.99
work,native,2000,1024,buffer,0,100,345.839,132.770,207.477,9634.79,0.1031,0.1184,
work,native-loose,2000,1024,buffer,0,100,348.734,135.633,207.747,9622.30,0.1027,0.1177,1.00
work,rdfc,1000,1024,buffer,0,1000,3273.322,1679.977,1550.323,644.38,1.5069,2.3131,1.54
work,native,1000,1024,buffer,0,1000,1136.496,123.525,1006.621,992.43,1.0031,1.0410,
work,native-loose,1000,1024,buffer,0,1000,1138.589,127.339,1006.515,992.53,1.0030,1.0401,1.00
work,rdfc,300,1024,buffer,0,10000,4957.199,1663.977,3250.138,92.00,10.7744,12.1295,1.08
work,native,300,1024,buffer,0,10000,3144.946,130.495,3007.050,99.43,10.0127,10.1046,
work,native-loose,300,1024,buffer,0,10000,3155.708,141.982,3004.695,99.51,10.0077,10.0682,1.00
work,rdfc,100,1024,buffer,0,100000,12018.884,1847.249,10157.992,9.75,101.5414,103.2237,1.02
work,native,100,1024,buffer,0,100000,10134.347,124.613,10004.676,9.90,100.0418,100.2307,
work,native-loose,100,1024,buffer,0,100000,10135.140,124.403,10004.811,9.90,100.0360,100.1423,1.00
work-depth,rdfc,500,1024,buffer,4,0,2354.190,1833.774,533.713,934.96,0.8322,3.2434,108.78
work-depth,native,500,1024,buffer,4,0,132.335,122.881,4.906,1.02e+5,0.0072,0.0447,
work-depth,rdfc,500,1024,buffer,4,100,2563.039,1771.517,768.765,649.09,1.2957,4.2599,2.99
work-depth,native,500,1024,buffer,4,100,385.321,122.993,257.498,1937.88,0.5114,0.5635,
work-depth,rdfc,300,1024,buffer,4,1000,4004.875,1828.442,2152.722,138.89,7.0979,9.9175,1.43
work-depth,native,300,1024,buffer,4,1000,1637.478,127.918,1504.638,198.72,5.0148,5.2136,
work-depth,rdfc,100,1024,buffer,4,10000,7296.334,1927.046,5341.696,18.53,53.6764,58.2950,1.08
work-depth,native,100,1024,buffer,4,10000,5135.627,163.441,4965.953,19.94,50.0356,50.2639,